Price,Adj Close,Adj Close,Adj Close,Close,Close,Close,High,High,High,Low,Low,Low,Open,Open,Open,Volume,Volume,Volume
Ticker,006208.TW,2330.TW,AAPL,006208.TW,2330.TW,AAPL,006208.TW,2330.TW,AAPL,006208.TW,2330.TW,AAPL,006208.TW,2330.TW,AAPL,006208.TW,2330.TW,AAPL
Date,,,,,,,,,,,,,,,,,,
2024-01-02 00:00:00+00:00,76.37822723388672,585.3609008789062,184.7349853515625,76.9000015258789,593.0,185.63999938964844,77.3499984741211,593.0,188.44000244140625,76.69999694824219,589.0,183.88999938964844,77.1500015258789,590.0,187.14999389648438,2839850.0,26059058.0,82488700.0
2024-01-03 00:00:00+00:00,75.08704376220703,570.55419921875,183.3517608642578,75.5999984741211,578.0,184.25,76.25,585.0,185.8800048828125,75.4000015258789,576.0,183.42999267578125,76.25,584.0,184.22000122070312,6382057.0,37106763.0,58414500.0
2024-01-04 00:00:00+00:00,75.03739166259766,572.5283813476562,181.02317810058594,75.55000305175781,580.0,181.91000366210938,75.80000305175781,581.0,183.08999633789062,75.44999694824219,577.0,180.8800048828125,75.5999984741211,580.0,182.14999389648438,2976905.0,15309129.0,71983600.0
2024-01-05 00:00:00+00:00,74.8387451171875,568.5798950195312,180.2967071533203,75.3499984741211,576.0,181.17999267578125,75.80000305175781,580.0,182.75999450683594,75.25,574.0,180.1699981689453,75.55000305175781,578.0,181.99000549316406,2577533.0,18158971.0,62303300.0
2024-01-08 00:00:00+00:00,75.385009765625,575.4898071289062,184.65536499023438,75.9000015258789,583.0,185.55999755859375,76.19999694824219,585.0,185.60000610351562,75.5999984741211,579.0,181.5,75.5999984741211,582.0,182.08999633789062,4169890.0,17761275.0,59144500.0
2024-01-09 00:00:00+00:00,75.3353500366211,578.4510498046875,184.23741149902344,75.8499984741211,586.0,185.13999938964844,76.4000015258789,589.0,185.14999389648438,75.80000305175781,583.0,182.72999572753906,76.25,588.0,183.9199981689453,2222119.0,22501510.0,42841800.0
2024-01-10 00:00:00+00:00,75.03739166259766,576.4769287109375,185.28228759765625,75.55000305175781,584.0,186.19000244140625,75.69999694824219,586.0,186.39999389648438,75.30000305175781,580.0,183.9199981689453,75.55000305175781,581.0,184.35000610351562,2856528.0,13037716.0,46792900.0
2024-01-11 00:00:00+00:00,75.385009765625,578.4510498046875,184.68521118164062,75.9000015258789,586.0,185.58999633789062,76.0,589.0,187.0500030517578,75.55000305175781,583.0,183.6199951171875,75.75,586.0,186.5399932861328,2105103.0,23997409.0,49128400.0
2024-01-12 00:00:00+00:00,75.18636322021484,576.4769287109375,185.01361083984375,75.69999694824219,584.0,185.9199981689453,75.94999694824219,588.0,186.74000549316406,75.30000305175781,581.0,185.19000244140625,75.6500015258789,581.0,186.05999755859375,3444011.0,16496053.0,40444700.0
2024-01-15 00:00:00+00:00,75.18636322021484,578.4510498046875,,75.69999694824219,586.0,,75.69999694824219,590.0,,75.69999694824219,585.0,,75.69999694824219,590.0,,0.0,21143076.0,
2024-01-16 00:00:00+00:00,74.68975830078125,572.5283813476562,182.73477172851562,75.19999694824219,580.0,183.6300048828125,75.6500015258789,588.0,184.25999450683594,74.8499984741211,579.0,180.92999267578125,75.44999694824219,581.0,182.16000366210938,7100004.0,27223860.0,65603000.0
2024-01-17 00:00:00+00:00,74.19315338134766,573.5155029296875,181.78939819335938,74.69999694824219,581.0,182.67999267578125,75.19999694824219,584.0,182.92999267578125,74.55000305175781,578.0,180.3000030517578,75.19999694824219,583.0,181.27000427246094,5515147.0,42592335.0,47317400.0
2024-01-18 00:00:00+00:00,74.49111938476562,580.4253540039062,187.71041870117188,75.0,588.0,188.6300048828125,75.1500015258789,589.0,189.13999938964844,74.75,585.0,185.8300018310547,74.80000305175781,586.0,186.08999633789062,2923499.0,27209996.0,78005800.0
2024-01-19 00:00:00+00:00,76.97415161132812,617.935791015625,190.62611389160156,77.5,626.0,191.55999755859375,77.55000305175781,627.0,191.9499969482422,76.44999694824219,614.0,188.82000732421875,76.44999694824219,625.0,189.3300018310547,9726878.0,161106401.0,68741000.0
2024-01-22 00:00:00+00:00,77.37144470214844,617.935791015625,192.9447479248047,77.9000015258789,626.0,193.88999938964844,78.25,633.0,195.3300018310547,77.6500015258789,623.0,192.25999450683594,77.94999694824219,633.0,192.3000030517578,5353117.0,65168775.0,60133900.0
2024-01-23 00:00:00+00:00,77.61974334716797,619.9100341796875,194.22845458984375,78.1500015258789,628.0,195.17999267578125,78.25,629.0,195.75,77.80000305175781,622.0,193.8300018310547,78.05000305175781,629.0,195.02000427246094,4540837.0,41072439.0,42355600.0
2024-01-24 00:00:00+00:00,77.66940307617188,618.9229125976562,193.55177307128906,78.19999694824219,627.0,194.5,78.4000015258789,630.0,196.3800048828125,78.0999984741211,624.0,194.33999633789062,78.25,628.0,195.4199981689453,2946520.0,26635005.0,53631300.0
2024-01-25 00:00:00+00:00,78.56330108642578,633.7296752929688,193.22340393066406,79.0999984741211,642.0,194.1699981689453,79.1500015258789,642.0,196.27000427246094,78.5999984741211,633.0,193.11000061035156,78.5999984741211,635.0,195.22000122070312,6660832.0,52243347.0,54822100.0
2024-01-26 00:00:00+00:00,78.56330108642578,635.7039794921875,191.48193359375,79.0999984741211,644.0,192.4199981689453,79.30000305175781,646.0,194.75999450683594,78.9000015258789,639.0,191.94000244140625,79.05000305175781,644.0,194.27000427246094,8314139.0,41153025.0,44594000.0
2024-01-29 00:00:00+00:00,79.05990600585938,639.6524047851562,190.7952880859375,79.5999984741211,648.0,191.72999572753906,79.5999984741211,648.0,192.1999969482422,79.0999984741211,644.0,189.5800018310547,79.0999984741211,646.0,192.00999450683594,3133609.0,27825490.0,47145600.0
2024-01-30 00:00:00+00:00,78.91091918945312,633.7296752929688,187.12326049804688,79.44999694824219,642.0,188.0399932861328,79.6500015258789,647.0,191.8000030517578,79.3499984741211,642.0,187.47000122070312,79.55000305175781,642.0,190.94000244140625,3527389.0,36161825.0,55859400.0
2024-01-31 00:00:00+00:00,77.91770935058594,619.9100341796875,183.5010223388672,78.44999694824219,628.0,184.39999389648438,79.0,637.0,187.10000610351562,78.3499984741211,626.0,184.35000610351562,79.0,634.0,187.0399932861328,4006477.0,41277950.0,55467800.0
2024-02-01 00:00:00+00:00,77.91770935058594,619.9100341796875,185.94903564453125,78.44999694824219,628.0,186.86000061035156,78.5,628.0,186.9499969482422,77.94999694824219,619.0,183.82000732421875,78.4000015258789,625.0,183.99000549316406,3786058.0,44946369.0,64885400.0
2024-02-02 00:00:00+00:00,78.41431427001953,626.8198852539062,184.9439697265625,78.94999694824219,635.0,185.85000610351562,79.0,635.0,187.3300018310547,78.6500015258789,628.0,179.25,78.8499984741211,633.0,179.86000061035156,2872494.0,26334815.0,102518000.0
2024-02-05 00:00:00+00:00,79.01024627685547,637.6781616210938,186.76502990722656,79.55000305175781,646.0,187.67999267578125,79.55000305175781,647.0,189.25,78.8499984741211,638.0,185.83999633789062,78.94999694824219,645.0,188.14999389648438,3459361.0,44017740.0,69668800.0
2024-02-06 00:00:00+00:00,,,188.37713623046875,,,189.3000030517578,,,189.30999755859375,,,186.77000427246094,,,186.86000061035156,,,43490800.0
2024-02-07 00:00:00+00:00,,,188.4866180419922,,,189.41000366210938,,,191.0500030517578,,,188.61000061035156,,,190.63999938964844,,,53439000.0
2024-02-08 00:00:00+00:00,,,187.40191650390625,,,188.32000732421875,,,189.5399932861328,,,187.35000610351562,,,189.38999938964844,,,40962000.0
2024-02-09 00:00:00+00:00,,,188.1691436767578,,,188.85000610351562,,,189.99000549316406,,,188.0,,,188.64999389648438,,,45155200.0
2024-02-12 00:00:00+00:00,,,186.4752655029297,,,187.14999389648438,,,188.6699981689453,,,186.7899932861328,,,188.4199981689453,,,41781900.0
2024-02-13 00:00:00+00:00,,,184.37286376953125,,,185.0399932861328,,,186.2100067138672,,,183.50999450683594,,,185.77000427246094,,,56529500.0
2024-02-14 00:00:00+00:00,,,183.48606872558594,,,184.14999389648438,,,185.52999877929688,,,182.44000244140625,,,185.32000732421875,,,54630500.0
2024-02-15 00:00:00+00:00,82.38717651367188,688.021240234375,183.19712829589844,82.94999694824219,697.0,183.86000061035156,83.9000015258789,709.0,184.49000549316406,82.44999694824219,693.0,181.35000610351562,82.80000305175781,709.0,183.5500030517578,12212344.0,112945296.0,65434500.0
2024-02-16 00:00:00+00:00,81.94023132324219,674.2015380859375,181.65269470214844,82.5,683.0,182.30999755859375,83.05000305175781,699.0,184.85000610351562,82.44999694824219,683.0,181.6699981689453,82.94999694824219,697.0,183.4199981689453,4879908.0,44232811.0,49701400.0
2024-02-19 00:00:00+00:00,81.84091186523438,669.2659912109375,,82.4000015258789,678.0,,82.44999694824219,682.0,,82.05000305175781,674.0,,82.44999694824219,674.0,,3684396.0,34408673.0,
2024-02-20 00:00:00+00:00,82.13887023925781,678.1500244140625,180.90541076660156,82.69999694824219,687.0,181.55999755859375,82.94999694824219,688.0,182.42999267578125,82.19999694824219,675.0,180.0,82.30000305175781,675.0,181.7899932861328,3327542.0,30166461.0,53665600.0
2024-02-21 00:00:00+00:00,81.84091186523438,672.227294921875,181.66268920898438,82.4000015258789,681.0,182.32000732421875,82.6500015258789,683.0,182.88999938964844,82.3499984741211,678.0,180.66000366210938,82.5999984741211,678.0,181.94000244140625,1969242.0,30564485.0,41529700.0
2024-02-22 00:00:00+00:00,82.78446197509766,683.0856323242188,183.70529174804688,83.3499984741211,692.0,184.3699951171875,83.4000015258789,695.0,184.9600067138672,82.80000305175781,685.0,182.4600067138672,83.0,695.0,183.47999572753906,4522135.0,33145643.0,52292200.0
2024-02-23 00:00:00+00:00,83.33073425292969,688.021240234375,181.86195373535156,83.9000015258789,697.0,182.52000427246094,84.0999984741211,703.0,185.0399932861328,83.69999694824219,696.0,182.22999572753906,83.80000305175781,701.0,185.00999450683594,4931105.0,46448923.0,45119700.0
2024-02-26 00:00:00+00:00,83.57903289794922,689.0083618164062,180.50686645507812,84.1500015258789,698.0,181.16000366210938,84.19999694824219,700.0,182.75999450683594,83.55000305175781,695.0,180.64999389648438,83.9000015258789,700.0,182.24000549316406,4093376.0,28798079.0,40867400.0
2024-02-27 00:00:00+00:00,83.28106689453125,689.0083618164062,181.9715576171875,83.8499984741211,698.0,182.6300048828125,84.25,701.0,183.9199981689453,83.30000305175781,691.0,179.55999755859375,84.1500015258789,700.0,181.10000610351562,3633423.0,33006829.0,54318900.0
2024-02-28 00:00:00+00:00,,,180.7659149169922,,,181.4199981689453,,,183.1199951171875,,,180.1300048828125,,,182.50999450683594,,,48953900.0
2024-02-29 00:00:00+00:00,83.38038635253906,681.1113891601562,180.09832763671875,83.94999694824219,690.0,180.75,84.0999984741211,698.0,182.57000732421875,83.44999694824219,688.0,179.52999877929688,83.6500015258789,691.0,181.27000427246094,3438425.0,54368302.0,136682600.0
2024-03-01 00:00:00+00:00,83.13208770751953,680.124267578125,179.0122833251953,83.69999694824219,689.0,179.66000366210938,84.19999694824219,697.0,180.52999877929688,83.6500015258789,688.0,177.3800048828125,84.0,697.0,179.5500030517578,3894477.0,23390635.0,73488000.0
2024-03-04 00:00:00+00:00,85.26750183105469,715.6605224609375,174.4687042236328,85.8499984741211,725.0,175.10000610351562,85.94999694824219,725.0,176.89999389648438,84.8499984741211,711.0,173.7899932861328,84.8499984741211,714.0,176.14999389648438,5869637.0,88861397.0,81510100.0
2024-03-05 00:00:00+00:00,86.06207275390625,720.5961303710938,169.5066680908203,86.6500015258789,730.0,170.1199951171875,86.80000305175781,738.0,172.0399932861328,86.05000305175781,728.0,169.6199951171875,86.19999694824219,735.0,170.75999450683594,4919564.0,64403889.0,95132400.0
2024-03-06 00:00:00+00:00,86.55867767333984,725.5316772460938,168.51025390625,87.1500015258789,735.0,169.1199951171875,87.19999694824219,738.0,171.24000549316406,85.6500015258789,717.0,168.67999267578125,85.9000015258789,718.0,171.05999755859375,7467152.0,43687122.0,68587700.0
2024-03-07 00:00:00+00:00,88.34646606445312,750.2095947265625,168.3907012939453,88.94999694824219,760.0,169.0,89.30000305175781,769.0,170.72999572753906,88.05000305175781,754.0,168.49000549316406,88.0999984741211,755.0,169.14999389648438,6475910.0,71817344.0,71765100.0
2024-03-08 00:00:00+00:00,89.48866271972656,773.9004516601562,170.1144561767578,90.0999984741211,784.0,170.72999572753906,91.19999694824219,796.0,173.6999969482422,89.30000305175781,772.0,168.94000244140625,91.0,795.0,169.0,10068413.0,87139744.0,76114600.0
2024-03-11 00:00:00+00:00,88.694091796875,756.13232421875,172.12718200683594,89.30000305175781,766.0,172.75,90.0,778.0,174.3800048828125,89.1500015258789,761.0,172.0500030517578,89.69999694824219,768.0,172.94000244140625,5694562.0,64759810.0,60139500.0
2024-03-12 00:00:00+00:00,89.58798217773438,760.080810546875,172.60543823242188,90.19999694824219,770.0,173.22999572753906,90.19999694824219,771.0,174.02999877929688,88.94999694824219,754.0,171.00999450683594,89.1500015258789,757.0,173.14999389648438,3679272.0,58110339.0,59825400.0
2024-03-13 00:00:00+00:00,90.18391418457031,768.9649047851562,170.5130157470703,90.80000305175781,779.0,171.1300048828125,91.30000305175781,785.0,173.19000244140625,90.55000305175781,777.0,170.75999450683594,90.69999694824219,785.0,172.77000427246094,4955842.0,36754557.0,52488700.0
2024-03-14 00:00:00+00:00,89.93561553955078,773.9004516601562,172.37628173828125,90.55000305175781,784.0,173.0,90.94999694824219,785.0,174.30999755859375,90.05000305175781,770.0,172.0500030517578,90.80000305175781,779.0,172.91000366210938,3268995.0,42010806.0,72913500.0
2024-03-15 00:00:00+00:00,89.19070434570312,743.2998046875,171.99765014648438,89.80000305175781,753.0,172.6199951171875,90.3499984741211,777.0,172.6199951171875,89.75,753.0,170.2899932861328,90.0,771.0,171.1699981689453,3283850.0,73316437.0,121664700.0
2024-03-18 00:00:00+00:00,89.68730926513672,757.6796264648438,173.09368896484375,90.30000305175781,764.0,173.72000122070312,90.30000305175781,765.0,177.7100067138672,89.55000305175781,754.0,173.52000427246094,89.69999694824219,754.0,175.57000732421875,5576798.0,43589856.0,75604200.0
2024-03-19 00:00:00+00:00,89.68730926513672,755.6961669921875,175.44515991210938,90.30000305175781,762.0,176.0800018310547,90.4000015258789,765.0,176.61000061035156,89.5,755.0,173.02999877929688,89.8499984741211,758.0,174.33999633789062,3838089.0,30152375.0,55215200.0
2024-03-20 00:00:00+00:00,89.29002380371094,751.7293090820312,178.0258331298828,89.9000015258789,758.0,178.6699981689453,90.69999694824219,769.0,178.6699981689453,89.5999984741211,752.0,175.08999633789062,90.30000305175781,764.0,175.72000122070312,3989576.0,41280325.0,53423100.0
2024-03-21 00:00:00+00:00,91.37577056884766,777.51416015625,170.7521514892578,92.0,784.0,171.3699951171875,92.05000305175781,784.0,177.49000549316406,90.8499984741211,772.0,170.83999633789062,90.8499984741211,773.0,177.0500030517578,5031863.0,46026103.0,106181300.0
2024-03-22 00:00:00+00:00,91.4254379272461,778.5059204101562,171.65887451171875,92.05000305175781,785.0,172.27999877929688,92.4000015258789,789.0,173.0500030517578,91.5,775.0,170.05999755859375,92.0,788.0,171.75999450683594,4367837.0,30660820.0,71106600.0
2024-03-25 00:00:00+00:00,91.47509002685547,773.5473022460938,170.23403930664062,92.0999984741211,780.0,170.85000610351562,92.44999694824219,788.0,171.94000244140625,91.75,779.0,169.4499969482422,92.25,783.0,170.57000732421875,3787938.0,19877101.0,54288300.0
2024-03-26 00:00:00+00:00,91.57440948486328,775.53076171875,169.09814453125,92.19999694824219,782.0,169.7100067138672,93.05000305175781,792.0,171.4199981689453,91.4000015258789,776.0,169.5800018310547,92.19999694824219,788.0,170.0,6704546.0,40990702.0,57388400.0
2024-03-27 00:00:00+00:00,91.62407684326172,772.5555419921875,172.68516540527344,92.25,779.0,173.30999755859375,92.3499984741211,785.0,173.60000610351562,91.80000305175781,779.0,170.11000061035156,92.25,785.0,170.41000366210938,4414936.0,18794479.0,60273300.0
2024-03-28 00:00:00+00:00,91.17713165283203,762.6383056640625,170.86175537109375,91.80000305175781,769.0,171.47999572753906,92.1500015258789,776.0,172.22999572753906,91.1500015258789,768.0,170.50999450683594,92.0999984741211,774.0,171.75,3028411.0,27190918.0,65672700.0
2024-03-29 00:00:00+00:00,91.5247573852539,769.5803833007812,,92.1500015258789,776.0,,92.3499984741211,777.0,,91.80000305175781,768.0,,91.80000305175781,769.0,,1933000.0,9802000.0,
2024-04-01 00:00:00+00:00,91.2267837524414,763.6300048828125,169.41697692871094,91.8499984741211,770.0,170.02999877929688,92.75,783.0,171.25,91.8499984741211,769.0,169.47999572753906,92.5,783.0,171.19000244140625,3178274.0,21041261.0,46240500.0
2024-04-02 00:00:00+00:00,92.567626953125,783.4645385742188,168.23126220703125,93.19999694824219,790.0,168.83999633789062,93.30000305175781,790.0,169.33999633789062,92.5,783.0,168.22999572753906,92.5,784.0,169.0800018310547,3347939.0,37974481.0,49329500.0
2024-04-03 00:00:00+00:00,92.17034912109375,773.5473022460938,169.03834533691406,92.80000305175781,780.0,169.64999389648438,92.94999694824219,785.0,170.67999267578125,92.1500015258789,778.0,168.5800018310547,92.80000305175781,783.0,168.7899932861328,3824520.0,30890544.0,47691700.0
2024-04-04 00:00:00+00:00,,,168.2113494873047,,,168.82000732421875,,,171.9199981689453,,,168.82000732421875,,,170.2899932861328,,,53704400.0
2024-04-05 00:00:00+00:00,,,168.96861267089844,,,169.5800018310547,,,170.38999938964844,,,168.9499969482422,,,169.58999633789062,,,42055200.0
2024-04-08 00:00:00+00:00,92.46830749511719,776.5224609375,167.84268188476562,93.0999984741211,783.0,168.4499969482422,93.5,792.0,169.1999969482422,92.69999694824219,783.0,168.24000549316406,92.80000305175781,789.0,169.02999877929688,5197996.0,32202226.0,37425500.0
2024-04-09 00:00:00+00:00,94.80236053466797,812.2246704101562,169.0582733154297,95.44999694824219,819.0,169.6699981689453,95.44999694824219,820.0,170.0800018310547,93.30000305175781,792.0,168.35000610351562,93.30000305175781,795.0,168.6999969482422,4059945.0,56857731.0,42451200.0
2024-04-10 00:00:00+00:00,94.70304107666016,808.2577514648438,167.1750946044922,95.3499984741211,815.0,167.77999877929688,95.5,819.0,169.08999633789062,95.0,810.0,167.11000061035156,95.44999694824219,815.0,168.8000030517578,2959208.0,27480849.0,49709300.0
2024-04-11 00:00:00+00:00,94.30575561523438,813.2163696289062,174.40892028808594,94.94999694824219,820.0,175.0399932861328,95.0,820.0,175.4600067138672,94.4000015258789,811.0,168.16000366210938,94.80000305175781,811.0,168.33999633789062,4120034.0,25200651.0,91070300.0
2024-04-12 00:00:00+00:00,94.15677642822266,811.23291015625,175.91348266601562,94.80000305175781,818.0,176.5500030517578,95.19999694824219,826.0,178.36000061035156,94.6500015258789,817.0,174.2100067138672,94.94999694824219,823.0,174.25999450683594,2875910.0,31508936.0,101593300.0
2024-04-15 00:00:00+00:00,93.16355895996094,799.3322143554688,172.0673828125,93.80000305175781,806.0,172.69000244140625,94.30000305175781,812.0,176.6300048828125,93.4000015258789,803.0,172.5,94.1500015258789,804.0,175.36000061035156,6489935.0,38913470.0,73531800.0
2024-04-16 00:00:00+00:00,90.68052673339844,781.4810791015625,168.7693328857422,91.30000305175781,788.0,169.3800048828125,92.75,803.0,173.75999450683594,90.75,785.0,168.27000427246094,92.6500015258789,802.0,171.75,13516395.0,49508969.0,73711200.0
2024-04-17 00:00:00+00:00,91.72339630126953,797.3487548828125,167.39430236816406,92.3499984741211,804.0,168.0,92.5999984741211,808.0,170.64999389648438,91.3499984741211,793.0,168.0,91.3499984741211,798.0,169.61000061035156,3160215.0,34472074.0,50901200.0
2024-04-18 00:00:00+00:00,92.41864776611328,797.3487548828125,166.43775939941406,93.05000305175781,804.0,167.0399932861328,93.05000305175781,810.0,168.63999938964844,91.25,792.0,166.5500030517578,91.94999694824219,796.0,168.02999877929688,3632207.0,43598591.0,43122900.0
2024-04-19 00:00:00+00:00,87.89952087402344,743.7954711914062,164.40512084960938,88.5,750.0,165.0,90.55000305175781,770.0,166.39999389648438,88.0,746.0,164.0800018310547,90.55000305175781,769.0,166.2100067138672,23274016.0,130968654.0,67772100.0
2024-04-22 00:00:00+00:00,87.40290832519531,735.8616333007812,165.24208068847656,88.0,742.0,165.83999633789062,88.9000015258789,757.0,167.25999450683594,87.69999694824219,740.0,164.77000427246094,88.0999984741211,740.0,165.52000427246094,7886956.0,46540798.0,48116400.0
2024-04-23 00:00:00+00:00,88.14781951904297,747.7623901367188,166.2982635498047,88.75,754.0,166.89999389648438,89.25,761.0,167.0500030517578,88.55000305175781,752.0,164.9199981689453,89.19999694824219,761.0,165.35000610351562,3992377.0,30423647.0,49537800.0
2024-04-24 00:00:00+00:00,90.77984619140625,776.5224609375,168.41062927246094,91.4000015258789,783.0,169.02000427246094,91.5999984741211,785.0,169.3000030517578,90.0,769.0,166.2100067138672,90.0,770.0,166.5399932861328,4315196.0,39457128.0,48251800.0
2024-04-25 00:00:00+00:00,89.33967590332031,759.6630859375,169.27749633789062,89.94999694824219,766.0,169.88999938964844,90.5,774.0,170.61000061035156,89.75,765.0,168.14999389648438,90.44999694824219,770.0,169.52999877929688,4120009.0,28534926.0,50558300.0
2024-04-26 00:00:00+00:00,90.73017883300781,775.53076171875,168.6896209716797,91.3499984741211,782.0,169.3000030517578,91.8499984741211,789.0,171.33999633789062,91.0,782.0,169.17999267578125,91.0999984741211,788.0,169.8800048828125,4592394.0,32571247.0,44838400.0
2024-04-29 00:00:00+00:00,92.12068176269531,788.4232177734375,172.8744659423828,92.75,795.0,173.5,93.05000305175781,795.0,176.02999877929688,91.9000015258789,787.0,173.10000610351562,91.9000015258789,790.0,173.3699951171875,4081007.0,26765837.0,68169400.0
2024-04-30 00:00:00+00:00,92.0710220336914,783.4645385742188,169.71591186523438,92.69999694824219,790.0,170.3300018310547,93.30000305175781,802.0,174.99000549316406,92.69999694824219,790.0,170.0,92.9000015258789,797.0,173.3300018310547,2593321.0,39051972.0,65934800.0
2024-05-01 00:00:00+00:00,,,168.6896209716797,,,169.3000030517578,,,172.7100067138672,,,169.11000061035156,,,169.5800018310547,,,50383100.0
2024-05-02 00:00:00+00:00,90.87916564941406,765.6134033203125,172.4061737060547,91.5,772.0,173.02999877929688,92.19999694824219,789.0,173.4199981689453,91.30000305175781,772.0,170.88999938964844,92.19999694824219,789.0,172.50999450683594,3619537.0,40527228.0,94214900.0
2024-05-03 00:00:00+00:00,91.37577056884766,773.5473022460938,182.71884155273438,92.0,780.0,183.3800048828125,93.0,788.0,187.0,91.5999984741211,773.0,182.66000366210938,93.0,788.0,186.64999389648438,2331077.0,29901556.0,163224100.0
2024-05-06 00:00:00+00:00,92.66695404052734,779.4976196289062,181.0548858642578,93.30000305175781,786.0,181.7100067138672,93.80000305175781,793.0,184.1999969482422,93.0,786.0,180.4199981689453,93.0,791.0,182.35000610351562,4983080.0,32599878.0,78569700.0
2024-05-07 00:00:00+00:00,93.11389923095703,793.3818359375,181.7423858642578,93.75,800.0,182.39999389648438,93.94999694824219,800.0,184.89999389648438,93.30000305175781,792.0,181.32000732421875,93.69999694824219,797.0,183.4499969482422,2818237.0,33890214.0,77305800.0
2024-05-08 00:00:00+00:00,93.46151733398438,795.3652954101562,182.08116149902344,94.0999984741211,802.0,182.74000549316406,94.1500015258789,802.0,183.07000732421875,93.44999694824219,792.0,181.4499969482422,93.69999694824219,794.0,182.85000610351562,2383876.0,21757193.0,45057100.0
2024-05-09 00:00:00+00:00,93.36219787597656,789.4148559570312,183.9045867919922,94.0,796.0,184.57000732421875,94.44999694824219,802.0,184.66000366210938,93.9000015258789,796.0,182.11000061035156,94.0999984741211,798.0,182.55999755859375,2445694.0,21923999.0,48983000.0
2024-05-10 00:00:00+00:00,94.10710906982422,795.3652954101562,182.63743591308594,94.75,802.0,183.0500030517578,94.94999694824219,807.0,185.08999633789062,94.05000305175781,798.0,182.1300048828125,94.44999694824219,803.0,184.89999389648438,2787913.0,25101318.0,50759500.0
2024-05-13 00:00:00+00:00,94.75270080566406,812.2246704101562,185.86013793945312,95.4000015258789,819.0,186.27999877929688,96.0,825.0,187.10000610351562,95.3499984741211,818.0,184.6199951171875,95.6500015258789,823.0,185.44000244140625,4509173.0,34812619.0,72044800.0
2024-05-14 00:00:00+00:00,95.49761199951172,818.1749877929688,187.00755310058594,96.1500015258789,825.0,187.42999267578125,96.1500015258789,825.0,188.3000030517578,95.19999694824219,811.0,186.2899932861328,95.30000305175781,816.0,187.50999450683594,2690743.0,28691846.0,52393600.0
2024-05-15 00:00:00+00:00,96.83845520019531,832.0592041015625,189.2924041748047,97.5,839.0,189.72000122070312,98.19999694824219,844.0,190.64999389648438,96.6500015258789,837.0,187.3699951171875,96.6500015258789,838.0,187.91000366210938,4232415.0,39467772.0,70400000.0
2024-05-16 00:00:00+00:00,97.43437957763672,834.0426635742188,189.41212463378906,98.0999984741211,841.0,189.83999633789062,99.30000305175781,856.0,191.10000610351562,97.8499984741211,837.0,189.66000366210938,98.69999694824219,852.0,190.47000122070312,7812350.0,43927195.0,52845200.0
2024-05-17 00:00:00+00:00,97.13642120361328,828.09228515625,189.44204711914062,97.80000305175781,835.0,189.8699951171875,98.19999694824219,848.0,190.80999755859375,97.6500015258789,834.0,189.17999267578125,98.0999984741211,848.0,189.50999450683594,3381637.0,26207289.0,41282900.0
2024-05-20 00:00:00+00:00,96.98743438720703,828.09228515625,190.6094207763672,97.6500015258789,835.0,191.0399932861328,98.0,838.0,191.9199981689453,96.75,822.0,189.00999450683594,97.9000015258789,834.0,189.3300018310547,5298248.0,28808661.0,44361300.0
2024-05-21 00:00:00+00:00,96.93777465820312,834.0426635742188,191.91647338867188,97.5999984741211,841.0,192.35000610351562,97.75,841.0,192.72999572753906,97.05000305175781,830.0,190.9199981689453,97.5999984741211,830.0,191.08999633789062,2494702.0,19705349.0,42309400.0
2024-05-22 00:00:00+00:00,98.82488250732422,856.8523559570312,190.4697265625,99.5,864.0,190.89999389648438,99.55000305175781,865.0,192.82000732421875,97.75,843.0,190.27000427246094,97.75,845.0,192.27000427246094,3972285.0,36628342.0,34648500.0
2024-05-23 00:00:00+00:00,99.52013397216797,867.7613525390625,186.45880126953125,100.19999694824219,875.0,186.8800048828125,100.30000305175781,877.0,191.0,99.55000305175781,867.0,186.6300048828125,99.9000015258789,875.0,190.97999572753906,5244033.0,37266618.0,51005900.0
2024-05-24 00:00:00+00:00,99.22216796875,859.8275756835938,189.5518035888672,99.9000015258789,867.0,189.97999572753906,100.05000305175781,872.0,190.5800018310547,99.0,858.0,188.0399932861328,99.5,858.0,188.82000732421875,3466220.0,34136382.0,36294600.0
2024-05-27 00:00:00+00:00,100.41402435302734,861.81103515625,,101.0999984741211,869.0,,101.55000305175781,878.0,,100.5,866.0,,100.5,872.0,,5851429.0,26726954.0,
2024-05-28 00:00:00+00:00,100.46369171142578,857.8441162109375,189.56178283691406,101.1500015258789,865.0,189.99000549316406,101.44999694824219,873.0,193.0,100.9000015258789,865.0,189.10000610351562,101.0999984741211,867.0,191.50999450683594,4204315.0,25329216.0,52280100.0
2024-05-29 00:00:00+00:00,99.37115478515625,849.9102783203125,189.86111450195312,100.05000305175781,857.0,190.2899932861328,100.94999694824219,868.0,192.25,99.9000015258789,856.0,189.50999450683594,100.94999694824219,861.0,189.61000061035156,5485832.0,33436835.0,53068000.0
2024-05-30 00:00:00+00:00,97.63302612304688,831.0674438476562,190.85885620117188,98.30000305175781,838.0,191.2899932861328,99.0,848.0,192.17999267578125,98.30000305175781,838.0,190.6300048828125,98.6500015258789,841.0,190.75999450683594,8385195.0,38065102.0,49947900.0
2024-05-31 00:00:00+00:00,96.83845520019531,814.2080688476562,191.81668090820312,97.5,821.0,192.25,99.0,846.0,192.57000732421875,97.5,821.0,189.91000366210938,98.5,838.0,191.44000244140625,7892789.0,77438401.0,75158300.0
2024-06-03 00:00:00+00:00,98.47725677490234,839.0012817382812,193.59268188476562,99.1500015258789,846.0,194.02999877929688,99.5,853.0,194.99000549316406,98.0999984741211,837.0,192.52000427246094,99.0,839.0,192.89999389648438,7152802.0,28345488.0,50080500.0
2024-06-04 00:00:00+00:00,97.13642120361328,832.0592041015625,193.91195678710938,97.80000305175781,839.0,194.35000610351562,98.94999694824219,851.0,195.32000732421875,97.5999984741211,837.0,193.02999877929688,98.94999694824219,844.0,194.63999938964844,6423501.0,28223635.0,47471400.0
2024-06-05 00:00:00+00:00,98.07997131347656,846.9351196289062,195.42852783203125,98.75,854.0,195.8699951171875,99.0,857.0,196.89999389648438,97.30000305175781,835.0,194.8699951171875,97.9000015258789,841.0,195.39999389648438,4539336.0,31975446.0,54156800.0
2024-06-06 00:00:00+00:00,101.10928344726562,886.6041870117188,194.0416717529297,101.80000305175781,894.0,194.47999572753906,102.25,899.0,196.5,101.0999984741211,885.0,194.1699981689453,101.44999694824219,893.0,195.69000244140625,9709787.0,62925136.0,41181800.0
2024-06-07 00:00:00+00:00,100.36437225341797,871.728271484375,196.44622802734375,101.05000305175781,879.0,196.88999938964844,101.5,888.0,196.94000244140625,100.8499984741211,879.0,194.13999938964844,101.5,885.0,194.64999389648438,3280232.0,41075399.0,53103900.0
2024-06-10 00:00:00+00:00,,,192.68472290039062,,,193.1199951171875,,,197.3000030517578,,,192.14999389648438,,,196.89999389648438,,,97262100.0
2024-06-11 00:00:00+00:00,100.6126708984375,875.6951904296875,206.68310546875,101.30000305175781,883.0,207.14999389648438,102.0,895.0,207.16000366210938,101.1500015258789,883.0,193.6300048828125,101.4000015258789,892.0,193.64999389648438,5780287.0,48228488.0,172373300.0
2024-06-12 00:00:00+00:00,102.45011901855469,901.4801025390625,212.58978271484375,103.1500015258789,909.0,213.07000732421875,103.25,914.0,220.1999969482422,101.30000305175781,888.0,206.89999389648438,101.30000305175781,888.0,207.3699951171875,6083668.0,48106925.0,198134300.0
2024-06-13 00:00:00+00:00,103.84062194824219,914.9199829101562,213.75714111328125,104.55000305175781,919.0,214.24000549316406,105.6500015258789,935.0,216.75,103.9000015258789,911.0,211.60000610351562,104.75,923.0,214.74000549316406,7841447.0,55857091.0,97862700.0
2024-06-14 00:00:00+00:00,104.5358657836914,917.9066162109375,212.01107788085938,105.25,922.0,212.49000549316406,105.25,922.0,215.1699981689453,103.9000015258789,905.0,211.3000030517578,104.5,916.0,213.85000610351562,5827803.0,38408123.0,70122700.0
2024-06-17 00:00:00+00:00,104.4862060546875,916.9110717773438,216.18165588378906,105.19999694824219,921.0,216.6699981689453,105.6500015258789,925.0,218.9499969482422,104.75,913.0,212.72000122070312,105.19999694824219,913.0,213.3699951171875,5835511.0,26292426.0,93728300.0
2024-06-18 00:00:00+00:00,106.22433471679688,938.8134155273438,213.8070068359375,106.94999694824219,943.0,214.2899932861328,107.25,950.0,218.6300048828125,106.4000015258789,940.0,213.0,106.4000015258789,944.0,217.58999633789062,5302669.0,37876013.0,79943300.0
2024-06-19 00:00:00+00:00,109.50194549560547,976.6447143554688,,110.25,981.0,,110.5999984741211,984.0,,107.5,953.0,,107.5,953.0,,12362822.0,72228052.0,
2024-06-20 00:00:00+00:00,110.09786987304688,976.6447143554688,209.2073974609375,110.8499984741211,981.0,209.67999267578125,110.94999694824219,981.0,214.24000549316406,110.0,971.0,208.85000610351562,110.25,971.0,213.92999267578125,7049615.0,48225374.0,86172500.0
2024-06-21 00:00:00+00:00,109.2536392211914,965.6935424804688,207.02235412597656,110.0,970.0,207.49000549316406,110.5999984741211,978.0,211.88999938964844,109.44999694824219,960.0,207.11000061035156,109.9000015258789,961.0,210.38999938964844,12920208.0,88376132.0,246421400.0
2024-06-24 00:00:00+00:00,106.86991882324219,935.8267211914062,207.67088317871094,107.5999984741211,940.0,208.13999938964844,109.0,960.0,212.6999969482422,107.55000305175781,940.0,206.58999633789062,108.9000015258789,958.0,207.72000122070312,9365865.0,66391994.0,80727000.0
2024-06-25 00:00:00+00:00,106.72093963623047,940.8045043945312,208.59878540039062,107.44999694824219,945.0,209.07000732421875,107.5999984741211,945.0,211.3800048828125,105.8499984741211,923.0,208.61000061035156,106.9000015258789,925.0,209.14999389648438,8143243.0,57368432.0,56713900.0
2024-06-26 00:00:00+00:00,107.71415710449219,955.7379150390625,212.7693634033203,108.44999694824219,960.0,213.25,108.94999694824219,960.0,214.86000061035156,107.9000015258789,951.0,210.63999938964844,108.25,951.0,211.5,9175322.0,44967166.0,66213200.0
2024-06-27 00:00:00+00:00,107.51551055908203,955.7379150390625,213.61746215820312,108.25,960.0,214.10000610351562,108.4000015258789,961.0,215.74000549316406,107.4000015258789,949.0,212.35000610351562,107.5,951.0,214.69000244140625,5173515.0,39729446.0,49772700.0
2024-06-28 00:00:00+00:00,108.45906829833984,961.7113037109375,210.14527893066406,109.19999694824219,966.0,210.6199951171875,109.6500015258789,971.0,216.07000732421875,108.1500015258789,955.0,210.3000030517578,108.25,956.0,215.77000427246094,5587062.0,39138210.0,82542700.0
2024-07-01 00:00:00+00:00,108.65771484375,963.702392578125,216.261474609375,109.4000015258789,968.0,216.75,110.19999694824219,977.0,217.50999450683594,109.19999694824219,965.0,211.9199981689453,109.25,968.0,212.08999633789062,6888546.0,19935737.0,60402900.0
2024-07-02 00:00:00+00:00,107.8631362915039,955.7379150390625,219.77354431152344,108.5999984741211,960.0,220.27000427246094,109.5,971.0,220.3800048828125,108.19999694824219,959.0,215.10000610351562,109.05000305175781,967.0,216.14999389648438,5963331.0,25427569.0,58046200.0
2024-07-03 00:00:00+00:00,109.10465240478516,974.653564453125,221.0506591796875,109.8499984741211,979.0,221.5500030517578,110.0,979.0,221.5500030517578,109.19999694824219,967.0,219.02999877929688,110.0,976.0,220.0,5678415.0,24070411.0,37369800.0
2024-07-04 00:00:00+00:00,111.88565826416016,1000.5381469726562,,112.6500015258789,1005.0,,112.75,1010.0,,111.5999984741211,997.0,,111.5999984741211,1000.0,,8582513.0,41893299.0,
2024-07-05 00:00:00+00:00,111.63735961914062,1000.5381469726562,225.82984924316406,112.4000015258789,1005.0,226.33999633789062,112.94999694824219,1010.0,226.4499969482422,112.30000305175781,1000.0,221.64999389648438,112.69999694824219,1005.0,221.64999389648438,7106343.0,19998094.0,60412400.0
2024-07-08 00:00:00+00:00,114.81564331054688,1030.4049072265625,227.30653381347656,115.5999984741211,1035.0,227.82000732421875,116.19999694824219,1050.0,227.85000610351562,112.5,1000.0,223.25,112.5,1005.0,227.08999633789062,14045771.0,40146763.0,59085900.0
2024-07-09 00:00:00+00:00,114.9646224975586,1035.3828125,228.16458129882812,115.75,1040.0,228.67999267578125,117.1500015258789,1055.0,229.39999389648438,114.5,1025.0,226.3699951171875,115.5999984741211,1030.0,227.92999267578125,16996375.0,46373121.0,48076100.0
2024-07-10 00:00:00+00:00,115.46123504638672,1040.360595703125,232.45489501953125,116.25,1045.0,232.97999572753906,116.30000305175781,1050.0,233.0800018310547,114.3499984741211,1015.0,229.25,115.3499984741211,1020.0,229.3000030517578,10714018.0,46206302.0,62627700.0
2024-07-11 00:00:00+00:00,118.09325408935547,1075.2052001953125,227.05709838867188,118.9000015258789,1080.0,227.57000732421875,119.3499984741211,1080.0,232.38999938964844,117.5,1055.0,225.77000427246094,118.05000305175781,1065.0,231.38999938964844,14894726.0,41724336.0,64710600.0
2024-07-12 00:00:00+00:00,114.81564331054688,1035.3828125,230.0203857421875,115.5999984741211,1040.0,230.5399932861328,116.75,1045.0,232.63999938964844,115.3499984741211,1025.0,228.67999267578125,116.6500015258789,1030.0,228.9199981689453,20722548.0,68983062.0,53046500.0
2024-07-15 00:00:00+00:00,114.61700439453125,1035.3828125,233.87168884277344,115.4000015258789,1040.0,234.39999389648438,117.0,1045.0,237.22999572753906,115.30000305175781,1025.0,233.08999633789062,117.0,1040.0,236.47999572753906,12671696.0,38393309.0,62631300.0
2024-07-16 00:00:00+00:00,115.19999694824219,1050.316162109375,234.29074096679688,115.19999694824219,1055.0,234.82000732421875,116.5999984741211,1070.0,236.27000427246094,114.69999694824219,1035.0,232.3300018310547,115.05000305175781,1040.0,235.0,17003147.0,32125609.0,43234300.0
2024-07-17 00:00:00+00:00,113.69999694824219,1025.4271240234375,228.3641357421875,113.69999694824219,1030.0,228.8800048828125,115.0,1045.0,231.4600067138672,113.4000015258789,1020.0,226.63999938964844,114.94999694824219,1035.0,229.4499969482422,11703957.0,54022399.0,57345900.0
2024-07-18 00:00:00+00:00,111.4000015258789,1000.5381469726562,223.6747283935547,111.4000015258789,1005.0,224.17999267578125,111.75,1005.0,230.44000244140625,110.1500015258789,986.0,222.27000427246094,111.0999984741211,988.0,230.27999877929688,15892598.0,81990095.0,66034600.0
2024-07-19 00:00:00+00:00,109.0,965.6935424804688,223.80442810058594,109.0,970.0,224.30999755859375,110.6500015258789,995.0,226.8000030517578,109.0,970.0,223.27999877929688,110.44999694824219,988.0,224.82000732421875,12300768.0,92507621.0,49151500.0
2024-07-22 00:00:00+00:00,105.5999984741211,934.8311767578125,223.45523071289062,105.5999984741211,939.0,223.9600067138672,108.75,965.0,227.77999877929688,105.4000015258789,938.0,223.08999633789062,108.75,964.0,227.00999450683594,19837798.0,83062356.0,48201800.0
2024-07-23 00:00:00+00:00,108.6500015258789,974.653564453125,224.5028533935547,108.6500015258789,979.0,225.00999450683594,108.6500015258789,979.0,226.94000244140625,107.3499984741211,956.0,222.67999267578125,107.80000305175781,963.0,224.3699951171875,9831441.0,47213266.0,39960300.0
2024-07-24 00:00:00+00:00,,,218.0474395751953,,,218.5399932861328,,,224.8000030517578,,,217.1300048828125,,,224.0,,,61777600.0
2024-07-25 00:00:00+00:00,,,216.99981689453125,,,217.49000549316406,,,220.85000610351562,,,214.6199951171875,,,218.92999267578125,,,51391200.0
2024-07-26 00:00:00+00:00,104.80000305175781,919.8977661132812,217.46875,104.80000305175781,924.0,217.9600067138672,105.05000305175781,930.0,219.49000549316406,103.5999984741211,915.0,216.00999450683594,103.8499984741211,915.0,218.6999969482422,21571505.0,82081735.0,41601300.0
2024-07-29 00:00:00+00:00,105.6500015258789,939.8089599609375,217.7481231689453,105.6500015258789,944.0,218.24000549316406,106.69999694824219,948.0,219.3000030517578,105.19999694824219,936.0,215.75,106.0,942.0,216.9600067138672,8044747.0,40809258.0,36311800.0
2024-07-30 00:00:00+00:00,105.75,935.8267211914062,218.30685424804688,105.75,940.0,218.8000030517578,106.0,949.0,220.3300018310547,103.9000015258789,926.0,216.1199951171875,104.69999694824219,930.0,219.19000244140625,10312144.0,41761392.0,41643800.0
2024-07-31 00:00:00+00:00,105.6500015258789,929.8533935546875,221.5794677734375,105.6500015258789,934.0,222.0800018310547,105.94999694824219,940.0,223.82000732421875,104.5,928.0,220.6300048828125,104.9000015258789,929.0,221.44000244140625,6378222.0,39894991.0,50036300.0
2024-08-01 00:00:00+00:00,107.55000305175781,955.7379150390625,217.8678436279297,107.55000305175781,960.0,218.36000061035156,108.30000305175781,969.0,224.47999572753906,106.75,948.0,217.02000427246094,108.0999984741211,969.0,224.3699951171875,6836760.0,47382270.0,62501000.0
2024-08-02 00:00:00+00:00,102.4000015258789,898.990966796875,219.36447143554688,102.4000015258789,903.0,219.86000061035156,104.69999694824219,928.0,225.60000610351562,102.4000015258789,903.0,217.7100067138672,104.5,918.0,219.14999389648438,20967751.0,76144485.0,105568600.0
2024-08-05 00:00:00+00:00,93.69999694824219,811.3817138671875,208.79833984375,93.69999694824219,815.0,209.27000427246094,97.3499984741211,857.0,213.5,93.55000305175781,813.0,196.0,97.3499984741211,852.0,199.08999633789062,50711263.0,144057989.0,119548600.0
2024-08-06 00:00:00+00:00,97.55000305175781,876.0930786132812,206.762939453125,97.55000305175781,880.0,207.22999572753906,99.5999984741211,895.0,209.99000549316406,94.3499984741211,840.0,201.07000732421875,97.4000015258789,868.0,205.3000030517578,44483198.0,102930842.0,69660500.0
2024-08-07 00:00:00+00:00,101.5,915.91552734375,209.34710693359375,101.5,920.0,209.82000732421875,101.75,920.0,213.63999938964844,98.8499984741211,893.0,206.38999938964844,98.94999694824219,901.0,206.89999389648438,16546398.0,59158704.0,63516400.0
2024-08-08 00:00:00+00:00,99.69999694824219,892.0220947265625,212.8292236328125,99.69999694824219,896.0,213.30999755859375,100.8499984741211,905.0,214.1999969482422,98.9000015258789,887.0,208.8300018310547,99.8499984741211,901.0,213.11000061035156,14885257.0,38236391.0,47161100.0
2024-08-09 00:00:00+00:00,102.69999694824219,929.8533935546875,215.7526397705078,102.69999694824219,934.0,216.24000549316406,103.4000015258789,934.0,216.77999877929688,101.8499984741211,922.0,211.97000122070312,102.94999694824219,927.0,212.10000610351562,9207170.0,49494621.0,42201600.0
2024-08-12 00:00:00+00:00,104.05000305175781,935.8267211914062,217.2909393310547,104.05000305175781,940.0,217.52999877929688,104.94999694824219,948.0,219.50999450683594,103.5,931.0,215.60000610351562,103.75,942.0,216.07000732421875,8417268.0,38331663.0,38028100.0
2024-08-13 00:00:00+00:00,104.4000015258789,936.822265625,221.02682495117188,104.4000015258789,941.0,221.27000427246094,105.0,945.0,221.88999938964844,104.1500015258789,937.0,219.00999450683594,105.0,945.0,219.00999450683594,5824171.0,25764381.0,44155300.0
2024-08-14 00:00:00+00:00,105.6500015258789,943.7911987304688,221.47633361816406,105.6500015258789,948.0,221.72000122070312,106.3499984741211,955.0,223.02999877929688,105.4000015258789,945.0,219.6999969482422,106.0,951.0,220.57000732421875,8870255.0,36780856.0,41960600.0
2024-08-15 00:00:00+00:00,105.05000305175781,938.8134155273438,224.47303771972656,105.05000305175781,943.0,224.72000122070312,105.8499984741211,950.0,225.35000610351562,104.8499984741211,941.0,222.75999450683594,105.5999984741211,945.0,224.60000610351562,7000594.0,19476402.0,46414000.0
2024-08-16 00:00:00+00:00,107.3499984741211,964.697998046875,225.80157470703125,107.3499984741211,969.0,226.0500030517578,107.5,969.0,226.8300018310547,106.75,958.0,223.64999389648438,107.0,963.0,223.9199981689453,9776099.0,44062316.0,44340200.0
2024-08-19 00:00:00+00:00,107.44999694824219,968.6802368164062,225.64175415039062,107.44999694824219,973.0,225.88999938964844,108.0,975.0,225.99000549316406,107.1500015258789,964.0,223.0399932861328,107.4000015258789,969.0,225.72000122070312,4974769.0,21348863.0,40687800.0
2024-08-20 00:00:00+00:00,107.5,968.6802368164062,226.2610626220703,107.5,973.0,226.50999450683594,108.3499984741211,977.0,227.1699981689453,107.3499984741211,968.0,225.4499969482422,107.75,977.0,225.77000427246094,5009201.0,24039959.0,30299000.0
2024-08-21 00:00:00+00:00,106.25,953.746826171875,226.15118408203125,106.25,958.0,226.39999389648438,107.0,964.0,227.97999572753906,106.19999694824219,956.0,225.0500030517578,107.0,961.0,226.52000427246094,5324519.0,29758188.0,34765500.0
2024-08-22 00:00:00+00:00,105.80000305175781,946.7778930664062,224.2832489013672,105.80000305175781,951.0,224.52999877929688,106.75,964.0,228.33999633789062,105.55000305175781,948.0,223.89999389648438,106.25,958.0,227.7899932861328,2914289.0,24349754.0,43695300.0
2024-08-23 00:00:00+00:00,105.94999694824219,944.7867431640625,226.5906982421875,105.94999694824219,949.0,226.83999633789062,106.0,952.0,228.22000122070312,104.9000015258789,939.0,224.3300018310547,105.0999984741211,944.0,225.66000366210938,4194063.0,27592153.0,38677300.0
2024-08-26 00:00:00+00:00,105.9000015258789,945.7823486328125,226.93032836914062,105.9000015258789,950.0,227.17999267578125,107.30000305175781,961.0,227.27999877929688,105.75,945.0,223.88999938964844,106.55000305175781,957.0,226.75999450683594,6310200.0,25057581.0,30602200.0
2024-08-27 00:00:00+00:00,105.5,937.81787109375,227.77938842773438,105.5,942.0,228.02999877929688,105.69999694824219,946.0,228.85000610351562,105.0,940.0,224.88999938964844,105.3499984741211,945.0,226.0,3554139.0,18693037.0,35934600.0
2024-08-28 00:00:00+00:00,106.94999694824219,959.7201538085938,226.2410888671875,106.94999694824219,964.0,226.49000549316406,106.94999694824219,964.0,229.86000061035156,105.1500015258789,943.0,225.67999267578125,105.69999694824219,945.0,227.9199981689453,3814004.0,31059233.0,38052200.0
2024-08-29 00:00:00+00:00,105.75,938.8134155273438,229.53746032714844,105.75,943.0,229.7899932861328,106.0999984741211,947.0,232.9199981689453,104.69999694824219,937.0,228.8800048828125,105.0,942.0,230.10000610351562,5901082.0,43530708.0,51906300.0
2024-08-30 00:00:00+00:00,105.75,939.8089599609375,228.7483367919922,105.75,944.0,229.0,106.5,952.0,230.39999389648438,105.75,941.0,227.47999572753906,106.0,944.0,230.19000244140625,4588136.0,63834981.0,52990800.0
2024-09-02 00:00:00+00:00,105.6500015258789,943.7911987304688,,105.6500015258789,948.0,,106.5999984741211,955.0,,105.55000305175781,943.0,,106.44999694824219,950.0,,5119245.0,18646835.0,
2024-09-03 00:00:00+00:00,105.3499984741211,935.8267211914062,222.52517700195312,105.3499984741211,940.0,222.77000427246094,106.30000305175781,952.0,229.0,105.1500015258789,939.0,221.1699981689453,106.19999694824219,948.0,228.5500030517578,4352750.0,19547575.0,50190600.0
2024-09-04 00:00:00+00:00,100.30000305175781,885.0531616210938,220.6072998046875,100.30000305175781,889.0,220.85000610351562,101.6500015258789,905.0,221.77999877929688,99.5999984741211,888.0,217.47999572753906,100.6500015258789,894.0,221.66000366210938,30222878.0,79709021.0,43840200.0
2024-09-05 00:00:00+00:00,100.75,897.9954223632812,222.13560485839844,100.75,902.0,222.3800048828125,102.25,915.0,225.47999572753906,100.55000305175781,900.0,221.52000427246094,101.4000015258789,907.0,221.6300048828125,6690210.0,30512026.0,36615400.0
2024-09-06 00:00:00+00:00,102.1500015258789,913.9243774414062,220.57733154296875,102.1500015258789,918.0,220.82000732421875,102.4000015258789,918.0,225.24000549316406,100.55000305175781,903.0,219.77000427246094,101.05000305175781,909.0,223.9499969482422,6464982.0,24458336.0,48423000.0
2024-09-09 00:00:00+00:00,100.5,895.0087280273438,220.66722106933594,100.5,899.0,220.91000366210938,100.55000305175781,900.0,221.27000427246094,99.5999984741211,891.0,216.7100067138672,99.8499984741211,892.0,220.82000732421875,15073740.0,35885268.0,67180000.0
2024-09-10 00:00:00+00:00,100.55000305175781,899.986572265625,219.86810302734375,100.55000305175781,904.0,220.11000061035156,101.3499984741211,911.0,221.47999572753906,100.0999984741211,901.0,216.72999572753906,101.25,907.0,218.9199981689453,6550810.0,33498628.0,51591000.0
2024-09-11 00:00:00+00:00,100.30000305175781,896.9998779296875,222.41529846191406,100.30000305175781,901.0,222.66000366210938,100.8499984741211,906.0,223.08999633789062,100.30000305175781,900.0,217.88999938964844,100.6500015258789,906.0,221.4600067138672,5688269.0,18029342.0,44587100.0
2024-09-12 00:00:00+00:00,104.0,940.0,222.52517700195312,104.0,940.0,222.77000427246094,104.25,944.0,223.5500030517578,102.9000015258789,928.0,219.82000732421875,103.30000305175781,936.0,222.5,6698537.0,39454846.0,37498200.0
2024-09-13 00:00:00+00:00,104.4000015258789,947.0,222.25547790527344,104.4000015258789,947.0,222.5,105.0,955.0,224.0399932861328,103.8499984741211,939.0,221.91000366210938,105.0,955.0,223.5800018310547,4538394.0,25347586.0,36766600.0
2024-09-16 00:00:00+00:00,104.80000305175781,947.0,216.082275390625,104.80000305175781,947.0,216.32000732421875,105.0,952.0,217.22000122070312,104.25,943.0,213.9199981689453,104.44999694824219,952.0,216.5399932861328,5300424.0,13626239.0,59357400.0
2024-09-17 00:00:00+00:00,,,216.55174255371094,,,216.7899932861328,,,216.89999389648438,,,214.5,,,215.75,,,45519300.0
2024-09-18 00:00:00+00:00,103.9000015258789,941.0,220.4474639892578,103.9000015258789,941.0,220.69000244140625,104.75,948.0,222.7100067138672,103.4000015258789,933.0,217.5399932861328,104.5,945.0,217.5500030517578,4586707.0,28424324.0,59894900.0
2024-09-19 00:00:00+00:00,105.3499984741211,960.0,228.61846923828125,105.3499984741211,960.0,228.8699951171875,105.3499984741211,960.0,229.82000732421875,103.5999984741211,936.0,224.6300048828125,103.9000015258789,940.0,224.99000549316406,4424447.0,32739630.0,66781300.0
2024-09-20 00:00:00+00:00,106.5999984741211,973.0,227.94920349121094,106.5999984741211,973.0,228.1999969482422,107.55000305175781,982.0,233.08999633789062,106.5999984741211,971.0,227.6199951171875,106.94999694824219,981.0,229.97000122070312,7852780.0,60133709.0,318679900.0
2024-09-23 00:00:00+00:00,107.0,977.0,226.2211151123047,107.0,977.0,226.47000122070312,107.30000305175781,977.0,229.4499969482422,106.69999694824219,971.0,225.80999755859375,107.0999984741211,971.0,227.33999633789062,4191398.0,14497067.0,54146000.0
2024-09-24 00:00:00+00:00,108.05000305175781,987.0,227.1201171875,108.05000305175781,987.0,227.3699951171875,108.0999984741211,987.0,229.35000610351562,106.44999694824219,971.0,225.72999572753906,107.0,976.0,228.64999389648438,5912298.0,26785975.0,43556100.0
2024-09-25 00:00:00+00:00,109.80000305175781,1005.0,226.1212158203125,109.80000305175781,1005.0,226.3699951171875,109.8499984741211,1005.0,227.2899932861328,109.25,998.0,224.02000427246094,109.30000305175781,1000.0,224.92999267578125,7287202.0,39405222.0,42308700.0
2024-09-26 00:00:00+00:00,110.55000305175781,1015.0,227.26995849609375,110.55000305175781,1015.0,227.52000427246094,111.05000305175781,1015.0,228.5,110.30000305175781,1005.0,225.41000366210938,110.30000305175781,1010.0,227.3000030517578,8893328.0,38321585.0,36636700.0
2024-09-27 00:00:00+00:00,110.30000305175781,1000.0,227.53965759277344,110.30000305175781,1000.0,227.7899932861328,111.8499984741211,1025.0,229.52000427246094,110.19999694824219,1000.0,227.3000030517578,111.1500015258789,1020.0,228.4600067138672,7065700.0,35783779.0,34026000.0
2024-09-30 00:00:00+00:00,107.5,957.0,232.7439422607422,107.5,957.0,233.0,109.30000305175781,990.0,233.0,107.5,957.0,229.64999389648438,108.94999694824219,978.0,230.0399932861328,12665256.0,61603217.0,54541900.0
2024-10-01 00:00:00+00:00,107.5,972.0,225.96141052246094,107.5,972.0,226.2100067138672,107.9000015258789,977.0,229.64999389648438,107.0999984741211,967.0,223.74000549316406,107.55000305175781,967.0,229.52000427246094,7047038.0,26760355.0,63285000.0
2024-10-02 00:00:00+00:00,,,226.53077697753906,,,226.77999877929688,,,227.3699951171875,,,223.02000427246094,,,225.88999938964844,,,32880600.0
2024-10-03 00:00:00+00:00,,,225.42198181152344,,,225.6699981689453,,,226.80999755859375,,,223.32000732421875,,,225.13999938964844,,,34044200.0
2024-10-04 00:00:00+00:00,107.5,977.0,226.55075073242188,107.5,977.0,226.8000030517578,108.44999694824219,986.0,228.0,107.05000305175781,967.0,224.1300048828125,108.0,986.0,227.89999389648438,6902566.0,40934818.0,37245100.0
2024-10-07 00:00:00+00:00,109.94999694824219,1005.0,221.4463653564453,109.94999694824219,1005.0,221.69000244140625,110.0999984741211,1010.0,225.69000244140625,108.6500015258789,989.0,221.3300018310547,108.6500015258789,993.0,224.5,10678866.0,39667071.0,39505400.0
2024-10-08 00:00:00+00:00,109.44999694824219,1010.0,225.52188110351562,109.44999694824219,1010.0,225.77000427246094,109.75,1010.0,225.97999572753906,108.5999984741211,997.0,223.25,109.6500015258789,1000.0,224.3000030517578,10061297.0,30845902.0,31855700.0
2024-10-09 00:00:00+00:00,110.75,1020.0,229.28773498535156,110.75,1020.0,229.5399932861328,111.3499984741211,1035.0,229.75,110.69999694824219,1020.0,224.8300018310547,110.80000305175781,1030.0,225.22999572753906,7600288.0,46975717.0,33591100.0
2024-10-10 00:00:00+00:00,,,228.7882843017578,,,229.0399932861328,,,229.5,,,227.1699981689453,,,227.77999877929688,,,28183500.0
2024-10-11 00:00:00+00:00,112.6500015258789,1045.0,227.2999267578125,112.6500015258789,1045.0,227.5500030517578,112.94999694824219,1050.0,229.41000366210938,111.19999694824219,1020.0,227.33999633789062,111.3499984741211,1025.0,229.3000030517578,9175558.0,43058754.0,31759200.0
2024-10-14 00:00:00+00:00,112.80000305175781,1045.0,231.04580688476562,112.80000305175781,1045.0,231.3000030517578,113.30000305175781,1055.0,231.72999572753906,111.8499984741211,1035.0,228.60000610351562,113.19999694824219,1045.0,228.6999969482422,11459670.0,36858874.0,39882100.0
2024-10-15 00:00:00+00:00,114.94999694824219,1070.0,233.59300231933594,114.94999694824219,1070.0,233.85000610351562,115.19999694824219,1075.0,237.49000549316406,113.44999694824219,1050.0,232.3699951171875,113.5,1050.0,233.61000061035156,9499063.0,42850176.0,64751400.0
2024-10-16 00:00:00+00:00,113.1500015258789,1045.0,231.5252685546875,113.1500015258789,1045.0,231.77999877929688,114.55000305175781,1070.0,232.1199951171875,112.30000305175781,1035.0,229.83999633789062,112.9000015258789,1040.0,231.60000610351562,16306146.0,52652149.0,34082200.0
2024-10-17 00:00:00+00:00,113.19999694824219,1035.0,231.89486694335938,113.19999694824219,1035.0,232.14999389648438,114.19999694824219,1055.0,233.85000610351562,112.44999694824219,1030.0,230.52000427246094,114.19999694824219,1050.0,233.42999267578125,8934675.0,54173771.0,32993800.0
2024-10-18 00:00:00+00:00,115.9000015258789,1085.0,234.74172973632812,115.9000015258789,1085.0,235.0,117.19999694824219,1100.0,236.17999267578125,115.44999694824219,1075.0,234.00999450683594,116.75,1095.0,236.17999267578125,16562479.0,85011961.0,46431500.0
2024-10-21 00:00:00+00:00,116.19999694824219,1085.0,236.22010803222656,116.19999694824219,1085.0,236.47999572753906,117.1500015258789,1095.0,236.85000610351562,116.0,1080.0,234.4499969482422,116.80000305175781,1090.0,234.4499969482422,8589462.0,36491060.0,36254500.0
2024-10-22 00:00:00+00:00,115.5999984741211,1075.0,235.60079956054688,115.5999984741211,1075.0,235.86000061035156,115.9000015258789,1075.0,236.22000122070312,114.55000305175781,1060.0,232.60000610351562,115.9000015258789,1065.0,233.88999938964844,10948630.0,41197877.0,38846600.0
2024-10-23 00:00:00+00:00,114.9000015258789,1060.0,230.5063934326172,114.9000015258789,1060.0,230.75999450683594,115.44999694824219,1070.0,235.13999938964844,114.55000305175781,1055.0,227.75999450683594,115.3499984741211,1060.0,234.0800018310547,12407223.0,31423466.0,52287000.0
2024-10-24 00:00:00+00:00,114.19999694824219,1060.0,230.31661987304688,114.19999694824219,1060.0,230.57000732421875,115.30000305175781,1075.0,230.82000732421875,114.0,1055.0,228.41000366210938,115.0,1070.0,229.97999572753906,10556928.0,38236996.0,31109500.0
2024-10-25 00:00:00+00:00,115.0,1065.0,231.1556854248047,115.0,1065.0,231.41000366210938,115.1500015258789,1070.0,233.22000122070312,114.44999694824219,1060.0,229.57000732421875,114.44999694824219,1065.0,229.74000549316406,4748862.0,22009575.0,38802300.0
2024-10-28 00:00:00+00:00,114.8499984741211,1050.0,233.14349365234375,114.8499984741211,1050.0,233.39999389648438,116.0999984741211,1080.0,234.72999572753906,114.3499984741211,1050.0,232.5500030517578,115.80000305175781,1075.0,233.32000732421875,16149092.0,40142324.0,36087100.0
2024-10-29 00:00:00+00:00,112.75,1040.0,233.41319274902344,112.75,1040.0,233.6699981689453,113.6500015258789,1040.0,234.3300018310547,111.69999694824219,1020.0,232.32000732421875,113.5,1035.0,233.10000610351562,26116189.0,45415773.0,35417200.0
2024-10-30 00:00:00+00:00,112.19999694824219,1030.0,229.8471221923828,112.19999694824219,1030.0,230.10000610351562,113.8499984741211,1055.0,233.47000122070312,112.05000305175781,1030.0,229.5500030517578,113.1500015258789,1040.0,232.61000061035156,15395446.0,38201984.0,47070900.0
2024-10-31 00:00:00+00:00,112.19999694824219,1030.0,225.66172790527344,112.19999694824219,1030.0,225.91000366210938,112.19999694824219,1030.0,229.8300018310547,112.19999694824219,1030.0,225.3699951171875,112.19999694824219,1030.0,229.33999633789062,0.0,0.0,64370100.0
2024-11-01 00:00:00+00:00,111.6500015258789,1025.0,222.66502380371094,111.6500015258789,1025.0,222.91000366210938,111.9000015258789,1030.0,225.35000610351562,108.5,996.0,220.27000427246094,109.69999694824219,996.0,220.97000122070312,22034360.0,54480255.0,65276700.0
2024-11-04 00:00:00+00:00,113.1500015258789,1040.0,221.76600646972656,113.1500015258789,1040.0,222.00999450683594,113.30000305175781,1045.0,222.7899932861328,111.80000305175781,1025.0,219.7100067138672,112.0,1030.0,220.99000549316406,9174086.0,26747978.0,44944500.0
2024-11-05 00:00:00+00:00,113.44999694824219,1050.0,223.2044219970703,113.44999694824219,1050.0,223.4499969482422,113.94999694824219,1055.0,223.9499969482422,112.30000305175781,1030.0,221.13999938964844,112.55000305175781,1030.0,221.8000030517578,11218887.0,32385622.0,28111300.0
2024-11-06 00:00:00+00:00,114.4000015258789,1060.0,222.47523498535156,114.4000015258789,1060.0,222.72000122070312,116.0,1080.0,226.07000732421875,113.44999694824219,1040.0,221.19000244140625,113.6500015258789,1050.0,222.61000061035156,16033982.0,55349259.0,54561100.0
2024-11-07 00:00:00+00:00,115.4000015258789,1065.0,227.22999572753906,115.4000015258789,1065.0,227.47999572753906,116.0,1075.0,227.8800048828125,114.0,1050.0,224.57000732421875,114.30000305175781,1050.0,224.6300048828125,13295992.0,43975446.0,42137700.0
2024-11-08 00:00:00+00:00,116.44999694824219,1090.0,226.9600067138672,116.44999694824219,1090.0,226.9600067138672,116.9000015258789,1090.0,228.66000366210938,116.3499984741211,1080.0,226.41000366210938,116.44999694824219,1085.0,227.1699981689453,10957131.0,37099479.0,38308700.0
